<?xml version="1.0" encoding="UTF-8"?>
<metadata modelVersion="1.1.0">
  <groupId>com.myspace</groupId>
  <artifactId>IndentEss</artifactId>
  <version>1.0.0-SNAPSHOT</version>
  <versioning>
    <snapshot>
      <timestamp>20191030.055710</timestamp>
      <buildNumber>15</buildNumber>
    </snapshot>
    <lastUpdated>20191030055710</lastUpdated>
    <snapshotVersions>
      <snapshotVersion>
        <extension>jar</extension>
        <value>1.0.0-20191030.055710-15</value>
        <updated>20191030055710</updated>
      </snapshotVersion>
      <snapshotVersion>
        <extension>pom</extension>
        <value>1.0.0-20191030.055710-15</value>
        <updated>20191030055710</updated>
      </snapshotVersion>
    </snapshotVersions>
  </versioning>
</metadata>
